{
    "clear": {
        "precision": 0.9868421052631579,
        "recall": 1.0,
        "f1-score": 0.9933774834437086,
        "support": 150.0
    },
    "imperfection": {
        "precision": 1.0,
        "recall": 0.9866666666666667,
        "f1-score": 0.9932885906040269,
        "support": 150.0
    },
    "accuracy": 0.9933333333333333,
    "macro avg": {
        "precision": 0.993421052631579,
        "recall": 0.9933333333333334,
        "f1-score": 0.9933330370238678,
        "support": 300.0
    },
    "weighted avg": {
        "precision": 0.9934210526315788,
        "recall": 0.9933333333333333,
        "f1-score": 0.9933330370238677,
        "support": 300.0
    }
}